
{ 
  "vx_min" :  0.01,
  "vx_max" :  6.060782883325921,

  "vy_min" : -2.8392312460330427,
  "vy_max" :  2.8361712460330427,

  "r_min"  : -10.205159805476846,
  "r_max"  :  10.378728196501632,

  "D_min"  : -0.8130000305175781,
  "D_max"  :  0.6359999847412109,

  "delta_min": -1.0,
  "delta_max":  1.0,

  "dvx_min"  : -10.930387808784108,
  "dvx_max" : 10.940433656251942,

  "dvy_min" : -4.833606957574767,
  "dvy_max" : 4.864630014397356,
  
  "dr_min" : -4.833606957574767,
  "dr_max" : 4.864630014397356,

  "Cm1" : 0.287,
  "Cm2" : 0.0545,

  "Cr0" : 0.0518,
  "Cr2" : 0.00035,

  "Br" 	: 3.3852,
  "Cr" 	: 1.2691,
  "Dr" 	: 0.1737,

  "Bf"	: 2.579,
  "Cf" 	: 1.2,
  "Df" 	: 0.192,

  "m" 	: 0.041,
  "Iz" 	: 27.8E-6,
  "lf" 	: 0.029,
  "lr" 	: 0.033,

  "car_l": 0.06,
  "car_w": 0.03,

  "g"   : 9.81,

  "R_in" : 0.14,
  "R_out" : 0.14,

  "max_dist_proj": 0.2,

  "E_long" : 0.9,
  "E_eps" : 0.95,

  "maxAlpha" : 0.6,

  "initial_velocity" : 1.0,
  "s_trust_region" : 0.2,

  "vx_zero": 0.05
}