{"X": -1.73284271247462, "Y": 2.23715728752538, "X_i": -1.4712132, "Y_i": 2.4987868, "X_o": -1.99447222, "Y_o": 1.97552778}